turn,player_move,player_result,bot_move,bot_result,player_board,bot_board
1,A1,miss,"3,5",miss,"[[1, 1, 1, 1, 0, 1, 1, 1, 0, 1], [0, 0, 0, 0, 0, 0, 0, 0, 0, 0], [1, 1, 1, 0, 1, 1, 0, 1, 1, 0], [0, 0, 0, 0, 0, 3, 0, 0, 0, 0], [1, 1, 0, 1, 0, 1, 0, 1, 0, 0], [0, 0, 0, 0, 0, 0, 0, 0, 0, 0], [0, 0, 0, 0, 0, 0, 0, 0, 0, 0], [0, 0, 0, 0, 0, 0, 0, 0, 0, 0], [0, 0, 0, 0, 0, 0, 0, 0, 0, 0], [0, 0, 0, 0, 0, 0, 0, 0, 0, 0]]","[[3, 0, 0, 1, 0, 0, 0, 0, 1, 1], [0, 1, 0, 0, 0, 0, 0, 0, 0, 0], [0, 1, 0, 0, 1, 1, 1, 1, 0, 1], [0, 0, 0, 0, 0, 0, 0, 0, 0, 0], [0, 1, 1, 1, 0, 0, 0, 0, 0, 0], [0, 0, 0, 0, 0, 0, 0, 1, 0, 0], [0, 1, 0, 0, 0, 0, 0, 0, 0, 0], [0, 1, 0, 0, 1, 0, 0, 0, 0, 0], [0, 1, 0, 0, 1, 0, 0, 0, 0, 0], [0, 0, 0, 0, 0, 0, 0, 1, 0, 0]]"
2,A5,miss,"0,2",hit,"[[1, 1, 2, 1, 0, 1, 1, 1, 0, 1], [0, 0, 0, 0, 0, 0, 0, 0, 0, 0], [1, 1, 1, 0, 1, 1, 0, 1, 1, 0], [0, 0, 0, 0, 0, 3, 0, 0, 0, 0], [1, 1, 0, 1, 0, 1, 0, 1, 0, 0], [0, 0, 0, 0, 0, 0, 0, 0, 0, 0], [0, 0, 0, 0, 0, 0, 0, 0, 0, 0], [0, 0, 0, 0, 0, 0, 0, 0, 0, 0], [0, 0, 0, 0, 0, 0, 0, 0, 0, 0], [0, 0, 0, 0, 0, 0, 0, 0, 0, 0]]","[[3, 0, 0, 1, 3, 0, 0, 0, 1, 1], [0, 1, 0, 0, 0, 0, 0, 0, 0, 0], [0, 1, 0, 0, 1, 1, 1, 1, 0, 1], [0, 0, 0, 0, 0, 0, 0, 0, 0, 0], [0, 1, 1, 1, 0, 0, 0, 0, 0, 0], [0, 0, 0, 0, 0, 0, 0, 1, 0, 0], [0, 1, 0, 0, 0, 0, 0, 0, 0, 0], [0, 1, 0, 0, 1, 0, 0, 0, 0, 0], [0, 1, 0, 0, 1, 0, 0, 0, 0, 0], [0, 0, 0, 0, 0, 0, 0, 1, 0, 0]]"
3,A7,miss,"3,8",miss,"[[1, 1, 2, 1, 0, 1, 1, 1, 0, 1], [0, 0, 0, 0, 0, 0, 0, 0, 0, 0], [1, 1, 1, 0, 1, 1, 0, 1, 1, 0], [0, 0, 0, 0, 0, 3, 0, 0, 3, 0], [1, 1, 0, 1, 0, 1, 0, 1, 0, 0], [0, 0, 0, 0, 0, 0, 0, 0, 0, 0], [0, 0, 0, 0, 0, 0, 0, 0, 0, 0], [0, 0, 0, 0, 0, 0, 0, 0, 0, 0], [0, 0, 0, 0, 0, 0, 0, 0, 0, 0], [0, 0, 0, 0, 0, 0, 0, 0, 0, 0]]","[[3, 0, 0, 1, 3, 0, 3, 0, 1, 1], [0, 1, 0, 0, 0, 0, 0, 0, 0, 0], [0, 1, 0, 0, 1, 1, 1, 1, 0, 1], [0, 0, 0, 0, 0, 0, 0, 0, 0, 0], [0, 1, 1, 1, 0, 0, 0, 0, 0, 0], [0, 0, 0, 0, 0, 0, 0, 1, 0, 0], [0, 1, 0, 0, 0, 0, 0, 0, 0, 0], [0, 1, 0, 0, 1, 0, 0, 0, 0, 0], [0, 1, 0, 0, 1, 0, 0, 0, 0, 0], [0, 0, 0, 0, 0, 0, 0, 1, 0, 0]]"
4,A3,miss,"0,0",hit,"[[2, 1, 2, 1, 0, 1, 1, 1, 0, 1], [0, 0, 0, 0, 0, 0, 0, 0, 0, 0], [1, 1, 1, 0, 1, 1, 0, 1, 1, 0], [0, 0, 0, 0, 0, 3, 0, 0, 3, 0], [1, 1, 0, 1, 0, 1, 0, 1, 0, 0], [0, 0, 0, 0, 0, 0, 0, 0, 0, 0], [0, 0, 0, 0, 0, 0, 0, 0, 0, 0], [0, 0, 0, 0, 0, 0, 0, 0, 0, 0], [0, 0, 0, 0, 0, 0, 0, 0, 0, 0], [0, 0, 0, 0, 0, 0, 0, 0, 0, 0]]","[[3, 0, 3, 1, 3, 0, 3, 0, 1, 1], [0, 1, 0, 0, 0, 0, 0, 0, 0, 0], [0, 1, 0, 0, 1, 1, 1, 1, 0, 1], [0, 0, 0, 0, 0, 0, 0, 0, 0, 0], [0, 1, 1, 1, 0, 0, 0, 0, 0, 0], [0, 0, 0, 0, 0, 0, 0, 1, 0, 0], [0, 1, 0, 0, 0, 0, 0, 0, 0, 0], [0, 1, 0, 0, 1, 0, 0, 0, 0, 0], [0, 1, 0, 0, 1, 0, 0, 0, 0, 0], [0, 0, 0, 0, 0, 0, 0, 1, 0, 0]]"
5,C1,miss,"7,9",miss,"[[2, 1, 2, 1, 0, 1, 1, 1, 0, 1], [0, 0, 0, 0, 0, 0, 0, 0, 0, 0], [1, 1, 1, 0, 1, 1, 0, 1, 1, 0], [0, 0, 0, 0, 0, 3, 0, 0, 3, 0], [1, 1, 0, 1, 0, 1, 0, 1, 0, 0], [0, 0, 0, 0, 0, 0, 0, 0, 0, 0], [0, 0, 0, 0, 0, 0, 0, 0, 0, 0], [0, 0, 0, 0, 0, 0, 0, 0, 0, 3], [0, 0, 0, 0, 0, 0, 0, 0, 0, 0], [0, 0, 0, 0, 0, 0, 0, 0, 0, 0]]","[[3, 0, 3, 1, 3, 0, 3, 0, 1, 1], [0, 1, 0, 0, 0, 0, 0, 0, 0, 0], [3, 1, 0, 0, 1, 1, 1, 1, 0, 1], [0, 0, 0, 0, 0, 0, 0, 0, 0, 0], [0, 1, 1, 1, 0, 0, 0, 0, 0, 0], [0, 0, 0, 0, 0, 0, 0, 1, 0, 0], [0, 1, 0, 0, 0, 0, 0, 0, 0, 0], [0, 1, 0, 0, 1, 0, 0, 0, 0, 0], [0, 1, 0, 0, 1, 0, 0, 0, 0, 0], [0, 0, 0, 0, 0, 0, 0, 1, 0, 0]]"
6,C6,hit,"4,3",hit,"[[2, 1, 2, 1, 0, 1, 1, 1, 0, 1], [0, 0, 0, 0, 0, 0, 0, 0, 0, 0], [1, 1, 1, 0, 1, 1, 0, 1, 1, 0], [0, 0, -1, -1, -1, 3, 0, 0, 3, 0], [1, 1, -1, 2, -1, 1, 0, 1, 0, 0], [0, 0, -1, -1, -1, 0, 0, 0, 0, 0], [0, 0, 0, 0, 0, 0, 0, 0, 0, 0], [0, 0, 0, 0, 0, 0, 0, 0, 0, 3], [0, 0, 0, 0, 0, 0, 0, 0, 0, 0], [0, 0, 0, 0, 0, 0, 0, 0, 0, 0]]","[[3, 0, 3, 1, 3, 0, 3, 0, 1, 1], [0, 1, 0, 0, 0, 0, 0, 0, 0, 0], [3, 1, 0, 0, 1, 2, 1, 1, 0, 1], [0, 0, 0, 0, 0, 0, 0, 0, 0, 0], [0, 1, 1, 1, 0, 0, 0, 0, 0, 0], [0, 0, 0, 0, 0, 0, 0, 1, 0, 0], [0, 1, 0, 0, 0, 0, 0, 0, 0, 0], [0, 1, 0, 0, 1, 0, 0, 0, 0, 0], [0, 1, 0, 0, 1, 0, 0, 0, 0, 0], [0, 0, 0, 0, 0, 0, 0, 1, 0, 0]]"
7,C7,hit,"6,2",miss,"[[2, 1, 2, 1, 0, 1, 1, 1, 0, 1], [0, 0, 0, 0, 0, 0, 0, 0, 0, 0], [1, 1, 1, 0, 1, 1, 0, 1, 1, 0], [0, 0, -1, -1, -1, 3, 0, 0, 3, 0], [1, 1, -1, 2, -1, 1, 0, 1, 0, 0], [0, 0, -1, -1, -1, 0, 0, 0, 0, 0], [0, 0, 3, 0, 0, 0, 0, 0, 0, 0], [0, 0, 0, 0, 0, 0, 0, 0, 0, 3], [0, 0, 0, 0, 0, 0, 0, 0, 0, 0], [0, 0, 0, 0, 0, 0, 0, 0, 0, 0]]","[[3, 0, 3, 1, 3, 0, 3, 0, 1, 1], [0, 1, 0, 0, 0, 0, 0, 0, 0, 0], [3, 1, 0, 0, 1, 2, 2, 1, 0, 1], [0, 0, 0, 0, 0, 0, 0, 0, 0, 0], [0, 1, 1, 1, 0, 0, 0, 0, 0, 0], [0, 0, 0, 0, 0, 0, 0, 1, 0, 0], [0, 1, 0, 0, 0, 0, 0, 0, 0, 0], [0, 1, 0, 0, 1, 0, 0, 0, 0, 0], [0, 1, 0, 0, 1, 0, 0, 0, 0, 0], [0, 0, 0, 0, 0, 0, 0, 1, 0, 0]]"
8,C8,hit,"5,7",miss,"[[2, 1, 2, 1, 0, 1, 1, 1, 0, 1], [0, 0, 0, 0, 0, 0, 0, 0, 0, 0], [1, 1, 1, 0, 1, 1, 0, 1, 1, 0], [0, 0, -1, -1, -1, 3, 0, 0, 3, 0], [1, 1, -1, 2, -1, 1, 0, 1, 0, 0], [0, 0, -1, -1, -1, 0, 0, 3, 0, 0], [0, 0, 3, 0, 0, 0, 0, 0, 0, 0], [0, 0, 0, 0, 0, 0, 0, 0, 0, 3], [0, 0, 0, 0, 0, 0, 0, 0, 0, 0], [0, 0, 0, 0, 0, 0, 0, 0, 0, 0]]","[[3, 0, 3, 1, 3, 0, 3, 0, 1, 1], [0, 1, 0, 0, 0, 0, 0, 0, 0, 0], [3, 1, 0, 0, 1, 2, 2, 2, 0, 1], [0, 0, 0, 0, 0, 0, 0, 0, 0, 0], [0, 1, 1, 1, 0, 0, 0, 0, 0, 0], [0, 0, 0, 0, 0, 0, 0, 1, 0, 0], [0, 1, 0, 0, 0, 0, 0, 0, 0, 0], [0, 1, 0, 0, 1, 0, 0, 0, 0, 0], [0, 1, 0, 0, 1, 0, 0, 0, 0, 0], [0, 0, 0, 0, 0, 0, 0, 1, 0, 0]]"
9,C9,miss,"6,6",miss,"[[2, 1, 2, 1, 0, 1, 1, 1, 0, 1], [0, 0, 0, 0, 0, 0, 0, 0, 0, 0], [1, 1, 1, 0, 1, 1, 0, 1, 1, 0], [0, 0, -1, -1, -1, 3, 0, 0, 3, 0], [1, 1, -1, 2, -1, 1, 0, 1, 0, 0], [0, 0, -1, -1, -1, 0, 0, 3, 0, 0], [0, 0, 3, 0, 0, 0, 3, 0, 0, 0], [0, 0, 0, 0, 0, 0, 0, 0, 0, 3], [0, 0, 0, 0, 0, 0, 0, 0, 0, 0], [0, 0, 0, 0, 0, 0, 0, 0, 0, 0]]","[[3, 0, 3, 1, 3, 0, 3, 0, 1, 1], [0, 1, 0, 0, 0, 0, 0, 0, 0, 0], [3, 1, 0, 0, 1, 2, 2, 2, 3, 1], [0, 0, 0, 0, 0, 0, 0, 0, 0, 0], [0, 1, 1, 1, 0, 0, 0, 0, 0, 0], [0, 0, 0, 0, 0, 0, 0, 1, 0, 0], [0, 1, 0, 0, 0, 0, 0, 0, 0, 0], [0, 1, 0, 0, 1, 0, 0, 0, 0, 0], [0, 1, 0, 0, 1, 0, 0, 0, 0, 0], [0, 0, 0, 0, 0, 0, 0, 1, 0, 0]]"
10,C5,hit,"2,9",miss,"[[2, 1, 2, 1, 0, 1, 1, 1, 0, 1], [0, 0, 0, 0, 0, 0, 0, 0, 0, 0], [1, 1, 1, 0, 1, 1, 0, 1, 1, 3], [0, 0, -1, -1, -1, 3, 0, 0, 3, 0], [1, 1, -1, 2, -1, 1, 0, 1, 0, 0], [0, 0, -1, -1, -1, 0, 0, 3, 0, 0], [0, 0, 3, 0, 0, 0, 3, 0, 0, 0], [0, 0, 0, 0, 0, 0, 0, 0, 0, 3], [0, 0, 0, 0, 0, 0, 0, 0, 0, 0], [0, 0, 0, 0, 0, 0, 0, 0, 0, 0]]","[[3, 0, 3, 1, 3, 0, 3, 0, 1, 1], [0, 1, 0, -1, -1, -1, -1, -1, -1, 0], [3, 1, 0, -1, 2, 2, 2, 2, 3, 1], [0, 0, 0, -1, -1, -1, -1, -1, -1, 0], [0, 1, 1, 1, 0, 0, 0, 0, 0, 0], [0, 0, 0, 0, 0, 0, 0, 1, 0, 0], [0, 1, 0, 0, 0, 0, 0, 0, 0, 0], [0, 1, 0, 0, 1, 0, 0, 0, 0, 0], [0, 1, 0, 0, 1, 0, 0, 0, 0, 0], [0, 0, 0, 0, 0, 0, 0, 1, 0, 0]]"
11,E3,hit,"3,0",miss,"[[2, 1, 2, 1, 0, 1, 1, 1, 0, 1], [0, 0, 0, 0, 0, 0, 0, 0, 0, 0], [1, 1, 1, 0, 1, 1, 0, 1, 1, 3], [3, 0, -1, -1, -1, 3, 0, 0, 3, 0], [1, 1, -1, 2, -1, 1, 0, 1, 0, 0], [0, 0, -1, -1, -1, 0, 0, 3, 0, 0], [0, 0, 3, 0, 0, 0, 3, 0, 0, 0], [0, 0, 0, 0, 0, 0, 0, 0, 0, 3], [0, 0, 0, 0, 0, 0, 0, 0, 0, 0], [0, 0, 0, 0, 0, 0, 0, 0, 0, 0]]","[[3, 0, 3, 1, 3, 0, 3, 0, 1, 1], [0, 1, 0, -1, -1, -1, -1, -1, -1, 0], [3, 1, 0, -1, 2, 2, 2, 2, 3, 1], [0, 0, 0, -1, -1, -1, -1, -1, -1, 0], [0, 1, 2, 1, 0, 0, 0, 0, 0, 0], [0, 0, 0, 0, 0, 0, 0, 1, 0, 0], [0, 1, 0, 0, 0, 0, 0, 0, 0, 0], [0, 1, 0, 0, 1, 0, 0, 0, 0, 0], [0, 1, 0, 0, 1, 0, 0, 0, 0, 0], [0, 0, 0, 0, 0, 0, 0, 1, 0, 0]]"
12,E4,hit,"6,8",miss,"[[2, 1, 2, 1, 0, 1, 1, 1, 0, 1], [0, 0, 0, 0, 0, 0, 0, 0, 0, 0], [1, 1, 1, 0, 1, 1, 0, 1, 1, 3], [3, 0, -1, -1, -1, 3, 0, 0, 3, 0], [1, 1, -1, 2, -1, 1, 0, 1, 0, 0], [0, 0, -1, -1, -1, 0, 0, 3, 0, 0], [0, 0, 3, 0, 0, 0, 3, 0, 3, 0], [0, 0, 0, 0, 0, 0, 0, 0, 0, 3], [0, 0, 0, 0, 0, 0, 0, 0, 0, 0], [0, 0, 0, 0, 0, 0, 0, 0, 0, 0]]","[[3, 0, 3, 1, 3, 0, 3, 0, 1, 1], [0, 1, 0, -1, -1, -1, -1, -1, -1, 0], [3, 1, 0, -1, 2, 2, 2, 2, 3, 1], [0, 0, 0, -1, -1, -1, -1, -1, -1, 0], [0, 1, 2, 2, 0, 0, 0, 0, 0, 0], [0, 0, 0, 0, 0, 0, 0, 1, 0, 0], [0, 1, 0, 0, 0, 0, 0, 0, 0, 0], [0, 1, 0, 0, 1, 0, 0, 0, 0, 0], [0, 1, 0, 0, 1, 0, 0, 0, 0, 0], [0, 0, 0, 0, 0, 0, 0, 1, 0, 0]]"
13,E5,miss,"0,4",miss,"[[2, 1, 2, 1, 3, 1, 1, 1, 0, 1], [0, 0, 0, 0, 0, 0, 0, 0, 0, 0], [1, 1, 1, 0, 1, 1, 0, 1, 1, 3], [3, 0, -1, -1, -1, 3, 0, 0, 3, 0], [1, 1, -1, 2, -1, 1, 0, 1, 0, 0], [0, 0, -1, -1, -1, 0, 0, 3, 0, 0], [0, 0, 3, 0, 0, 0, 3, 0, 3, 0], [0, 0, 0, 0, 0, 0, 0, 0, 0, 3], [0, 0, 0, 0, 0, 0, 0, 0, 0, 0], [0, 0, 0, 0, 0, 0, 0, 0, 0, 0]]","[[3, 0, 3, 1, 3, 0, 3, 0, 1, 1], [0, 1, 0, -1, -1, -1, -1, -1, -1, 0], [3, 1, 0, -1, 2, 2, 2, 2, 3, 1], [0, 0, 0, -1, -1, -1, -1, -1, -1, 0], [0, 1, 2, 2, 3, 0, 0, 0, 0, 0], [0, 0, 0, 0, 0, 0, 0, 1, 0, 0], [0, 1, 0, 0, 0, 0, 0, 0, 0, 0], [0, 1, 0, 0, 1, 0, 0, 0, 0, 0], [0, 1, 0, 0, 1, 0, 0, 0, 0, 0], [0, 0, 0, 0, 0, 0, 0, 1, 0, 0]]"
14,E2,hit,"3,7",miss,"[[2, 1, 2, 1, 3, 1, 1, 1, 0, 1], [0, 0, 0, 0, 0, 0, 0, 0, 0, 0], [1, 1, 1, 0, 1, 1, 0, 1, 1, 3], [3, 0, -1, -1, -1, 3, 0, 3, 3, 0], [1, 1, -1, 2, -1, 1, 0, 1, 0, 0], [0, 0, -1, -1, -1, 0, 0, 3, 0, 0], [0, 0, 3, 0, 0, 0, 3, 0, 3, 0], [0, 0, 0, 0, 0, 0, 0, 0, 0, 3], [0, 0, 0, 0, 0, 0, 0, 0, 0, 0], [0, 0, 0, 0, 0, 0, 0, 0, 0, 0]]","[[3, 0, 3, 1, 3, 0, 3, 0, 1, 1], [0, 1, 0, -1, -1, -1, -1, -1, -1, 0], [3, 1, 0, -1, 2, 2, 2, 2, 3, 1], [-1, -1, -1, -1, -1, -1, -1, -1, -1, 0], [-1, 2, 2, 2, 3, 0, 0, 0, 0, 0], [-1, -1, -1, -1, -1, 0, 0, 1, 0, 0], [0, 1, 0, 0, 0, 0, 0, 0, 0, 0], [0, 1, 0, 0, 1, 0, 0, 0, 0, 0], [0, 1, 0, 0, 1, 0, 0, 0, 0, 0], [0, 0, 0, 0, 0, 0, 0, 1, 0, 0]]"
15,E6,miss,"7,3",miss,"[[2, 1, 2, 1, 3, 1, 1, 1, 0, 1], [0, 0, 0, 0, 0, 0, 0, 0, 0, 0], [1, 1, 1, 0, 1, 1, 0, 1, 1, 3], [3, 0, -1, -1, -1, 3, 0, 3, 3, 0], [1, 1, -1, 2, -1, 1, 0, 1, 0, 0], [0, 0, -1, -1, -1, 0, 0, 3, 0, 0], [0, 0, 3, 0, 0, 0, 3, 0, 3, 0], [0, 0, 0, 3, 0, 0, 0, 0, 0, 3], [0, 0, 0, 0, 0, 0, 0, 0, 0, 0], [0, 0, 0, 0, 0, 0, 0, 0, 0, 0]]","[[3, 0, 3, 1, 3, 0, 3, 0, 1, 1], [0, 1, 0, -1, -1, -1, -1, -1, -1, 0], [3, 1, 0, -1, 2, 2, 2, 2, 3, 1], [-1, -1, -1, -1, -1, -1, -1, -1, -1, 0], [-1, 2, 2, 2, 3, 3, 0, 0, 0, 0], [-1, -1, -1, -1, -1, 0, 0, 1, 0, 0], [0, 1, 0, 0, 0, 0, 0, 0, 0, 0], [0, 1, 0, 0, 1, 0, 0, 0, 0, 0], [0, 1, 0, 0, 1, 0, 0, 0, 0, 0], [0, 0, 0, 0, 0, 0, 0, 1, 0, 0]]"
16,F8,hit,"1,5",miss,"[[2, 1, 2, 1, 3, 1, 1, 1, 0, 1], [0, 0, 0, 0, 0, 3, 0, 0, 0, 0], [1, 1, 1, 0, 1, 1, 0, 1, 1, 3], [3, 0, -1, -1, -1, 3, 0, 3, 3, 0], [1, 1, -1, 2, -1, 1, 0, 1, 0, 0], [0, 0, -1, -1, -1, 0, 0, 3, 0, 0], [0, 0, 3, 0, 0, 0, 3, 0, 3, 0], [0, 0, 0, 3, 0, 0, 0, 0, 0, 3], [0, 0, 0, 0, 0, 0, 0, 0, 0, 0], [0, 0, 0, 0, 0, 0, 0, 0, 0, 0]]","[[3, 0, 3, 1, 3, 0, 3, 0, 1, 1], [0, 1, 0, -1, -1, -1, -1, -1, -1, 0], [3, 1, 0, -1, 2, 2, 2, 2, 3, 1], [-1, -1, -1, -1, -1, -1, -1, -1, -1, 0], [-1, 2, 2, 2, 3, 3, -1, -1, -1, 0], [-1, -1, -1, -1, -1, 0, -1, 2, -1, 0], [0, 1, 0, 0, 0, 0, -1, -1, -1, 0], [0, 1, 0, 0, 1, 0, 0, 0, 0, 0], [0, 1, 0, 0, 1, 0, 0, 0, 0, 0], [0, 0, 0, 0, 0, 0, 0, 1, 0, 0]]"
17,F6,miss,"3,6",miss,"[[2, 1, 2, 1, 3, 1, 1, 1, 0, 1], [0, 0, 0, 0, 0, 3, 0, 0, 0, 0], [1, 1, 1, 0, 1, 1, 0, 1, 1, 3], [3, 0, -1, -1, -1, 3, 3, 3, 3, 0], [1, 1, -1, 2, -1, 1, 0, 1, 0, 0], [0, 0, -1, -1, -1, 0, 0, 3, 0, 0], [0, 0, 3, 0, 0, 0, 3, 0, 3, 0], [0, 0, 0, 3, 0, 0, 0, 0, 0, 3], [0, 0, 0, 0, 0, 0, 0, 0, 0, 0], [0, 0, 0, 0, 0, 0, 0, 0, 0, 0]]","[[3, 0, 3, 1, 3, 0, 3, 0, 1, 1], [0, 1, 0, -1, -1, -1, -1, -1, -1, 0], [3, 1, 0, -1, 2, 2, 2, 2, 3, 1], [-1, -1, -1, -1, -1, -1, -1, -1, -1, 0], [-1, 2, 2, 2, 3, 3, -1, -1, -1, 0], [-1, -1, -1, -1, -1, 3, -1, 2, -1, 0], [0, 1, 0, 0, 0, 0, -1, -1, -1, 0], [0, 1, 0, 0, 1, 0, 0, 0, 0, 0], [0, 1, 0, 0, 1, 0, 0, 0, 0, 0], [0, 0, 0, 0, 0, 0, 0, 1, 0, 0]]"
18,H4,miss,"9,8",miss,"[[2, 1, 2, 1, 3, 1, 1, 1, 0, 1], [0, 0, 0, 0, 0, 3, 0, 0, 0, 0], [1, 1, 1, 0, 1, 1, 0, 1, 1, 3], [3, 0, -1, -1, -1, 3, 3, 3, 3, 0], [1, 1, -1, 2, -1, 1, 0, 1, 0, 0], [0, 0, -1, -1, -1, 0, 0, 3, 0, 0], [0, 0, 3, 0, 0, 0, 3, 0, 3, 0], [0, 0, 0, 3, 0, 0, 0, 0, 0, 3], [0, 0, 0, 0, 0, 0, 0, 0, 0, 0], [0, 0, 0, 0, 0, 0, 0, 0, 3, 0]]","[[3, 0, 3, 1, 3, 0, 3, 0, 1, 1], [0, 1, 0, -1, -1, -1, -1, -1, -1, 0], [3, 1, 0, -1, 2, 2, 2, 2, 3, 1], [-1, -1, -1, -1, -1, -1, -1, -1, -1, 0], [-1, 2, 2, 2, 3, 3, -1, -1, -1, 0], [-1, -1, -1, -1, -1, 3, -1, 2, -1, 0], [0, 1, 0, 0, 0, 0, -1, -1, -1, 0], [0, 1, 0, 3, 1, 0, 0, 0, 0, 0], [0, 1, 0, 0, 1, 0, 0, 0, 0, 0], [0, 0, 0, 0, 0, 0, 0, 1, 0, 0]]"
19,J10,miss,"8,7",miss,"[[2, 1, 2, 1, 3, 1, 1, 1, 0, 1], [0, 0, 0, 0, 0, 3, 0, 0, 0, 0], [1, 1, 1, 0, 1, 1, 0, 1, 1, 3], [3, 0, -1, -1, -1, 3, 3, 3, 3, 0], [1, 1, -1, 2, -1, 1, 0, 1, 0, 0], [0, 0, -1, -1, -1, 0, 0, 3, 0, 0], [0, 0, 3, 0, 0, 0, 3, 0, 3, 0], [0, 0, 0, 3, 0, 0, 0, 0, 0, 3], [0, 0, 0, 0, 0, 0, 0, 3, 0, 0], [0, 0, 0, 0, 0, 0, 0, 0, 3, 0]]","[[3, 0, 3, 1, 3, 0, 3, 0, 1, 1], [0, 1, 0, -1, -1, -1, -1, -1, -1, 0], [3, 1, 0, -1, 2, 2, 2, 2, 3, 1], [-1, -1, -1, -1, -1, -1, -1, -1, -1, 0], [-1, 2, 2, 2, 3, 3, -1, -1, -1, 0], [-1, -1, -1, -1, -1, 3, -1, 2, -1, 0], [0, 1, 0, 0, 0, 0, -1, -1, -1, 0], [0, 1, 0, 3, 1, 0, 0, 0, 0, 0], [0, 1, 0, 0, 1, 0, 0, 0, 0, 0], [0, 0, 0, 0, 0, 0, 0, 1, 0, 3]]"
20,J1,miss,"4,7",hit,"[[2, 1, 2, 1, 3, 1, 1, 1, 0, 1], [0, 0, 0, 0, 0, 3, 0, 0, 0, 0], [1, 1, 1, 0, 1, 1, 0, 1, 1, 3], [3, 0, -1, -1, -1, 3, 3, 3, 3, 0], [1, 1, -1, 2, -1, 1, -1, 2, -1, 0], [0, 0, -1, -1, -1, 0, -1, 3, -1, 0], [0, 0, 3, 0, 0, 0, 3, 0, 3, 0], [0, 0, 0, 3, 0, 0, 0, 0, 0, 3], [0, 0, 0, 0, 0, 0, 0, 3, 0, 0], [0, 0, 0, 0, 0, 0, 0, 0, 3, 0]]","[[3, 0, 3, 1, 3, 0, 3, 0, 1, 1], [0, 1, 0, -1, -1, -1, -1, -1, -1, 0], [3, 1, 0, -1, 2, 2, 2, 2, 3, 1], [-1, -1, -1, -1, -1, -1, -1, -1, -1, 0], [-1, 2, 2, 2, 3, 3, -1, -1, -1, 0], [-1, -1, -1, -1, -1, 3, -1, 2, -1, 0], [0, 1, 0, 0, 0, 0, -1, -1, -1, 0], [0, 1, 0, 3, 1, 0, 0, 0, 0, 0], [0, 1, 0, 0, 1, 0, 0, 0, 0, 0], [3, 0, 0, 0, 0, 0, 0, 1, 0, 3]]"
21,H3,miss,"8,5",miss,"[[2, 1, 2, 1, 3, 1, 1, 1, 0, 1], [0, 0, 0, 0, 0, 3, 0, 0, 0, 0], [1, 1, 1, 0, 1, 1, 0, 1, 1, 3], [3, 0, -1, -1, -1, 3, 3, 3, 3, 0], [1, 1, -1, 2, -1, 1, -1, 2, -1, 0], [0, 0, -1, -1, -1, 0, -1, 3, -1, 0], [0, 0, 3, 0, 0, 0, 3, 0, 3, 0], [0, 0, 0, 3, 0, 0, 0, 0, 0, 3], [0, 0, 0, 0, 0, 3, 0, 3, 0, 0], [0, 0, 0, 0, 0, 0, 0, 0, 3, 0]]","[[3, 0, 3, 1, 3, 0, 3, 0, 1, 1], [0, 1, 0, -1, -1, -1, -1, -1, -1, 0], [3, 1, 0, -1, 2, 2, 2, 2, 3, 1], [-1, -1, -1, -1, -1, -1, -1, -1, -1, 0], [-1, 2, 2, 2, 3, 3, -1, -1, -1, 0], [-1, -1, -1, -1, -1, 3, -1, 2, -1, 0], [0, 1, 0, 0, 0, 0, -1, -1, -1, 0], [0, 1, 3, 3, 1, 0, 0, 0, 0, 0], [0, 1, 0, 0, 1, 0, 0, 0, 0, 0], [3, 0, 0, 0, 0, 0, 0, 1, 0, 3]]"
22,I4,miss,"9,6",miss,"[[2, 1, 2, 1, 3, 1, 1, 1, 0, 1], [0, 0, 0, 0, 0, 3, 0, 0, 0, 0], [1, 1, 1, 0, 1, 1, 0, 1, 1, 3], [3, 0, -1, -1, -1, 3, 3, 3, 3, 0], [1, 1, -1, 2, -1, 1, -1, 2, -1, 0], [0, 0, -1, -1, -1, 0, -1, 3, -1, 0], [0, 0, 3, 0, 0, 0, 3, 0, 3, 0], [0, 0, 0, 3, 0, 0, 0, 0, 0, 3], [0, 0, 0, 0, 0, 3, 0, 3, 0, 0], [0, 0, 0, 0, 0, 0, 3, 0, 3, 0]]","[[3, 0, 3, 1, 3, 0, 3, 0, 1, 1], [0, 1, 0, -1, -1, -1, -1, -1, -1, 0], [3, 1, 0, -1, 2, 2, 2, 2, 3, 1], [-1, -1, -1, -1, -1, -1, -1, -1, -1, 0], [-1, 2, 2, 2, 3, 3, -1, -1, -1, 0], [-1, -1, -1, -1, -1, 3, -1, 2, -1, 0], [0, 1, 0, 0, 0, 0, -1, -1, -1, 0], [0, 1, 3, 3, 1, 0, 0, 0, 0, 0], [0, 1, 0, 3, 1, 0, 0, 0, 0, 0], [3, 0, 0, 0, 0, 0, 0, 1, 0, 3]]"
23,I6,miss,"7,8",miss,"[[2, 1, 2, 1, 3, 1, 1, 1, 0, 1], [0, 0, 0, 0, 0, 3, 0, 0, 0, 0], [1, 1, 1, 0, 1, 1, 0, 1, 1, 3], [3, 0, -1, -1, -1, 3, 3, 3, 3, 0], [1, 1, -1, 2, -1, 1, -1, 2, -1, 0], [0, 0, -1, -1, -1, 0, -1, 3, -1, 0], [0, 0, 3, 0, 0, 0, 3, 0, 3, 0], [0, 0, 0, 3, 0, 0, 0, 0, 3, 3], [0, 0, 0, 0, 0, 3, 0, 3, 0, 0], [0, 0, 0, 0, 0, 0, 3, 0, 3, 0]]","[[3, 0, 3, 1, 3, 0, 3, 0, 1, 1], [0, 1, 0, -1, -1, -1, -1, -1, -1, 0], [3, 1, 0, -1, 2, 2, 2, 2, 3, 1], [-1, -1, -1, -1, -1, -1, -1, -1, -1, 0], [-1, 2, 2, 2, 3, 3, -1, -1, -1, 0], [-1, -1, -1, -1, -1, 3, -1, 2, -1, 0], [0, 1, 0, 0, 0, 0, -1, -1, -1, 0], [0, 1, 3, 3, 1, 0, 0, 0, 0, 0], [0, 1, 0, 3, 1, 3, 0, 0, 0, 0], [3, 0, 0, 0, 0, 0, 0, 1, 0, 3]]"
24,I9,miss,"6,4",miss,"[[2, 1, 2, 1, 3, 1, 1, 1, 0, 1], [0, 0, 0, 0, 0, 3, 0, 0, 0, 0], [1, 1, 1, 0, 1, 1, 0, 1, 1, 3], [3, 0, -1, -1, -1, 3, 3, 3, 3, 0], [1, 1, -1, 2, -1, 1, -1, 2, -1, 0], [0, 0, -1, -1, -1, 0, -1, 3, -1, 0], [0, 0, 3, 0, 3, 0, 3, 0, 3, 0], [0, 0, 0, 3, 0, 0, 0, 0, 3, 3], [0, 0, 0, 0, 0, 3, 0, 3, 0, 0], [0, 0, 0, 0, 0, 0, 3, 0, 3, 0]]","[[3, 0, 3, 1, 3, 0, 3, 0, 1, 1], [0, 1, 0, -1, -1, -1, -1, -1, -1, 0], [3, 1, 0, -1, 2, 2, 2, 2, 3, 1], [-1, -1, -1, -1, -1, -1, -1, -1, -1, 0], [-1, 2, 2, 2, 3, 3, -1, -1, -1, 0], [-1, -1, -1, -1, -1, 3, -1, 2, -1, 0], [0, 1, 0, 0, 0, 0, -1, -1, -1, 0], [0, 1, 3, 3, 1, 0, 0, 0, 0, 0], [0, 1, 0, 3, 1, 3, 0, 0, 3, 0], [3, 0, 0, 0, 0, 0, 0, 1, 0, 3]]"
25,H6,miss,"7,6",miss,"[[2, 1, 2, 1, 3, 1, 1, 1, 0, 1], [0, 0, 0, 0, 0, 3, 0, 0, 0, 0], [1, 1, 1, 0, 1, 1, 0, 1, 1, 3], [3, 0, -1, -1, -1, 3, 3, 3, 3, 0], [1, 1, -1, 2, -1, 1, -1, 2, -1, 0], [0, 0, -1, -1, -1, 0, -1, 3, -1, 0], [0, 0, 3, 0, 3, 0, 3, 0, 3, 0], [0, 0, 0, 3, 0, 0, 3, 0, 3, 3], [0, 0, 0, 0, 0, 3, 0, 3, 0, 0], [0, 0, 0, 0, 0, 0, 3, 0, 3, 0]]","[[3, 0, 3, 1, 3, 0, 3, 0, 1, 1], [0, 1, 0, -1, -1, -1, -1, -1, -1, 0], [3, 1, 0, -1, 2, 2, 2, 2, 3, 1], [-1, -1, -1, -1, -1, -1, -1, -1, -1, 0], [-1, 2, 2, 2, 3, 3, -1, -1, -1, 0], [-1, -1, -1, -1, -1, 3, -1, 2, -1, 0], [0, 1, 0, 0, 0, 0, -1, -1, -1, 0], [0, 1, 3, 3, 1, 3, 0, 0, 0, 0], [0, 1, 0, 3, 1, 3, 0, 0, 3, 0], [3, 0, 0, 0, 0, 0, 0, 1, 0, 3]]"
26,H8,miss,"0,9",hit,"[[2, 1, 2, 1, 3, 1, 1, 1, -1, 2], [0, 0, 0, 0, 0, 3, 0, 0, -1, -1], [1, 1, 1, 0, 1, 1, 0, 1, 1, 3], [3, 0, -1, -1, -1, 3, 3, 3, 3, 0], [1, 1, -1, 2, -1, 1, -1, 2, -1, 0], [0, 0, -1, -1, -1, 0, -1, 3, -1, 0], [0, 0, 3, 0, 3, 0, 3, 0, 3, 0], [0, 0, 0, 3, 0, 0, 3, 0, 3, 3], [0, 0, 0, 0, 0, 3, 0, 3, 0, 0], [0, 0, 0, 0, 0, 0, 3, 0, 3, 0]]","[[3, 0, 3, 1, 3, 0, 3, 0, 1, 1], [0, 1, 0, -1, -1, -1, -1, -1, -1, 0], [3, 1, 0, -1, 2, 2, 2, 2, 3, 1], [-1, -1, -1, -1, -1, -1, -1, -1, -1, 0], [-1, 2, 2, 2, 3, 3, -1, -1, -1, 0], [-1, -1, -1, -1, -1, 3, -1, 2, -1, 0], [0, 1, 0, 0, 0, 0, -1, -1, -1, 0], [0, 1, 3, 3, 1, 3, 0, 3, 0, 0], [0, 1, 0, 3, 1, 3, 0, 0, 3, 0], [3, 0, 0, 0, 0, 0, 0, 1, 0, 3]]"
27,G2,hit,"9,9",miss,"[[2, 1, 2, 1, 3, 1, 1, 1, -1, 2], [0, 0, 0, 0, 0, 3, 0, 0, -1, -1], [1, 1, 1, 0, 1, 1, 0, 1, 1, 3], [3, 0, -1, -1, -1, 3, 3, 3, 3, 0], [1, 1, -1, 2, -1, 1, -1, 2, -1, 0], [0, 0, -1, -1, -1, 0, -1, 3, -1, 0], [0, 0, 3, 0, 3, 0, 3, 0, 3, 0], [0, 0, 0, 3, 0, 0, 3, 0, 3, 3], [0, 0, 0, 0, 0, 3, 0, 3, 0, 0], [0, 0, 0, 0, 0, 0, 3, 0, 3, 3]]","[[3, 0, 3, 1, 3, 0, 3, 0, 1, 1], [0, 1, 0, -1, -1, -1, -1, -1, -1, 0], [3, 1, 0, -1, 2, 2, 2, 2, 3, 1], [-1, -1, -1, -1, -1, -1, -1, -1, -1, 0], [-1, 2, 2, 2, 3, 3, -1, -1, -1, 0], [-1, -1, -1, -1, -1, 3, -1, 2, -1, 0], [0, 2, 0, 0, 0, 0, -1, -1, -1, 0], [0, 1, 3, 3, 1, 3, 0, 3, 0, 0], [0, 1, 0, 3, 1, 3, 0, 0, 3, 0], [3, 0, 0, 0, 0, 0, 0, 1, 0, 3]]"
28,G1,miss,"2,6",miss,"[[2, 1, 2, 1, 3, 1, 1, 1, -1, 2], [0, 0, 0, 0, 0, 3, 0, 0, -1, -1], [1, 1, 1, 0, 1, 1, 3, 1, 1, 3], [3, 0, -1, -1, -1, 3, 3, 3, 3, 0], [1, 1, -1, 2, -1, 1, -1, 2, -1, 0], [0, 0, -1, -1, -1, 0, -1, 3, -1, 0], [0, 0, 3, 0, 3, 0, 3, 0, 3, 0], [0, 0, 0, 3, 0, 0, 3, 0, 3, 3], [0, 0, 0, 0, 0, 3, 0, 3, 0, 0], [0, 0, 0, 0, 0, 0, 3, 0, 3, 3]]","[[3, 0, 3, 1, 3, 0, 3, 0, 1, 1], [0, 1, 0, -1, -1, -1, -1, -1, -1, 0], [3, 1, 0, -1, 2, 2, 2, 2, 3, 1], [-1, -1, -1, -1, -1, -1, -1, -1, -1, 0], [-1, 2, 2, 2, 3, 3, -1, -1, -1, 0], [-1, -1, -1, -1, -1, 3, -1, 2, -1, 0], [3, 2, 0, 0, 0, 0, -1, -1, -1, 0], [0, 1, 3, 3, 1, 3, 0, 3, 0, 0], [0, 1, 0, 3, 1, 3, 0, 0, 3, 0], [3, 0, 0, 0, 0, 0, 0, 1, 0, 3]]"
29,H2,hit,"0,5",hit,"[[2, 1, 2, 1, 3, 2, 1, 1, -1, 2], [0, 0, 0, 0, 0, 3, 0, 0, -1, -1], [1, 1, 1, 0, 1, 1, 3, 1, 1, 3], [3, 0, -1, -1, -1, 3, 3, 3, 3, 0], [1, 1, -1, 2, -1, 1, -1, 2, -1, 0], [0, 0, -1, -1, -1, 0, -1, 3, -1, 0], [0, 0, 3, 0, 3, 0, 3, 0, 3, 0], [0, 0, 0, 3, 0, 0, 3, 0, 3, 3], [0, 0, 0, 0, 0, 3, 0, 3, 0, 0], [0, 0, 0, 0, 0, 0, 3, 0, 3, 3]]","[[3, 0, 3, 1, 3, 0, 3, 0, 1, 1], [0, 1, 0, -1, -1, -1, -1, -1, -1, 0], [3, 1, 0, -1, 2, 2, 2, 2, 3, 1], [-1, -1, -1, -1, -1, -1, -1, -1, -1, 0], [-1, 2, 2, 2, 3, 3, -1, -1, -1, 0], [-1, -1, -1, -1, -1, 3, -1, 2, -1, 0], [3, 2, 0, 0, 0, 0, -1, -1, -1, 0], [0, 2, 3, 3, 1, 3, 0, 3, 0, 0], [0, 1, 0, 3, 1, 3, 0, 0, 3, 0], [3, 0, 0, 0, 0, 0, 0, 1, 0, 3]]"
30,I2,hit,"8,3",miss,"[[2, 1, 2, 1, 3, 2, 1, 1, -1, 2], [0, 0, 0, 0, 0, 3, 0, 0, -1, -1], [1, 1, 1, 0, 1, 1, 3, 1, 1, 3], [3, 0, -1, -1, -1, 3, 3, 3, 3, 0], [1, 1, -1, 2, -1, 1, -1, 2, -1, 0], [0, 0, -1, -1, -1, 0, -1, 3, -1, 0], [0, 0, 3, 0, 3, 0, 3, 0, 3, 0], [0, 0, 0, 3, 0, 0, 3, 0, 3, 3], [0, 0, 0, 3, 0, 3, 0, 3, 0, 0], [0, 0, 0, 0, 0, 0, 3, 0, 3, 3]]","[[3, 0, 3, 1, 3, 0, 3, 0, 1, 1], [0, 1, 0, -1, -1, -1, -1, -1, -1, 0], [3, 1, 0, -1, 2, 2, 2, 2, 3, 1], [-1, -1, -1, -1, -1, -1, -1, -1, -1, 0], [-1, 2, 2, 2, 3, 3, -1, -1, -1, 0], [-1, -1, -1, -1, -1, 3, -1, 2, -1, 0], [3, 2, -1, 0, 0, 0, -1, -1, -1, 0], [-1, 2, 3, 3, 1, 3, 0, 3, 0, 0], [-1, 2, -1, 3, 1, 3, 0, 0, 3, 0], [3, -1, -1, 0, 0, 0, 0, 1, 0, 3]]"
31,G5,miss,"8,0",miss,"[[2, 1, 2, 1, 3, 2, 1, 1, -1, 2], [0, 0, 0, 0, 0, 3, 0, 0, -1, -1], [1, 1, 1, 0, 1, 1, 3, 1, 1, 3], [3, 0, -1, -1, -1, 3, 3, 3, 3, 0], [1, 1, -1, 2, -1, 1, -1, 2, -1, 0], [0, 0, -1, -1, -1, 0, -1, 3, -1, 0], [0, 0, 3, 0, 3, 0, 3, 0, 3, 0], [0, 0, 0, 3, 0, 0, 3, 0, 3, 3], [3, 0, 0, 3, 0, 3, 0, 3, 0, 0], [0, 0, 0, 0, 0, 0, 3, 0, 3, 3]]","[[3, 0, 3, 1, 3, 0, 3, 0, 1, 1], [0, 1, 0, -1, -1, -1, -1, -1, -1, 0], [3, 1, 0, -1, 2, 2, 2, 2, 3, 1], [-1, -1, -1, -1, -1, -1, -1, -1, -1, 0], [-1, 2, 2, 2, 3, 3, -1, -1, -1, 0], [-1, -1, -1, -1, -1, 3, -1, 2, -1, 0], [3, 2, -1, 0, 3, 0, -1, -1, -1, 0], [-1, 2, 3, 3, 1, 3, 0, 3, 0, 0], [-1, 2, -1, 3, 1, 3, 0, 0, 3, 0], [3, -1, -1, 0, 0, 0, 0, 1, 0, 3]]"
32,G6,miss,"8,9",miss,"[[2, 1, 2, 1, 3, 2, 1, 1, -1, 2], [0, 0, 0, 0, 0, 3, 0, 0, -1, -1], [1, 1, 1, 0, 1, 1, 3, 1, 1, 3], [3, 0, -1, -1, -1, 3, 3, 3, 3, 0], [1, 1, -1, 2, -1, 1, -1, 2, -1, 0], [0, 0, -1, -1, -1, 0, -1, 3, -1, 0], [0, 0, 3, 0, 3, 0, 3, 0, 3, 0], [0, 0, 0, 3, 0, 0, 3, 0, 3, 3], [3, 0, 0, 3, 0, 3, 0, 3, 0, 3], [0, 0, 0, 0, 0, 0, 3, 0, 3, 3]]","[[3, 0, 3, 1, 3, 0, 3, 0, 1, 1], [0, 1, 0, -1, -1, -1, -1, -1, -1, 0], [3, 1, 0, -1, 2, 2, 2, 2, 3, 1], [-1, -1, -1, -1, -1, -1, -1, -1, -1, 0], [-1, 2, 2, 2, 3, 3, -1, -1, -1, 0], [-1, -1, -1, -1, -1, 3, -1, 2, -1, 0], [3, 2, -1, 0, 3, 3, -1, -1, -1, 0], [-1, 2, 3, 3, 1, 3, 0, 3, 0, 0], [-1, 2, -1, 3, 1, 3, 0, 0, 3, 0], [3, -1, -1, 0, 0, 0, 0, 1, 0, 3]]"
33,G4,miss,"9,3",miss,"[[2, 1, 2, 1, 3, 2, 1, 1, -1, 2], [0, 0, 0, 0, 0, 3, 0, 0, -1, -1], [1, 1, 1, 0, 1, 1, 3, 1, 1, 3], [3, 0, -1, -1, -1, 3, 3, 3, 3, 0], [1, 1, -1, 2, -1, 1, -1, 2, -1, 0], [0, 0, -1, -1, -1, 0, -1, 3, -1, 0], [0, 0, 3, 0, 3, 0, 3, 0, 3, 0], [0, 0, 0, 3, 0, 0, 3, 0, 3, 3], [3, 0, 0, 3, 0, 3, 0, 3, 0, 3], [0, 0, 0, 3, 0, 0, 3, 0, 3, 3]]","[[3, 0, 3, 1, 3, 0, 3, 0, 1, 1], [0, 1, 0, -1, -1, -1, -1, -1, -1, 0], [3, 1, 0, -1, 2, 2, 2, 2, 3, 1], [-1, -1, -1, -1, -1, -1, -1, -1, -1, 0], [-1, 2, 2, 2, 3, 3, -1, -1, -1, 0], [-1, -1, -1, -1, -1, 3, -1, 2, -1, 0], [3, 2, -1, 3, 3, 3, -1, -1, -1, 0], [-1, 2, 3, 3, 1, 3, 0, 3, 0, 0], [-1, 2, -1, 3, 1, 3, 0, 0, 3, 0], [3, -1, -1, 0, 0, 0, 0, 1, 0, 3]]"
34,J5,miss,"5,5",miss,"[[2, 1, 2, 1, 3, 2, 1, 1, -1, 2], [0, 0, 0, 0, 0, 3, 0, 0, -1, -1], [1, 1, 1, 0, 1, 1, 3, 1, 1, 3], [3, 0, -1, -1, -1, 3, 3, 3, 3, 0], [1, 1, -1, 2, -1, 1, -1, 2, -1, 0], [0, 0, -1, -1, -1, 3, -1, 3, -1, 0], [0, 0, 3, 0, 3, 0, 3, 0, 3, 0], [0, 0, 0, 3, 0, 0, 3, 0, 3, 3], [3, 0, 0, 3, 0, 3, 0, 3, 0, 3], [0, 0, 0, 3, 0, 0, 3, 0, 3, 3]]","[[3, 0, 3, 1, 3, 0, 3, 0, 1, 1], [0, 1, 0, -1, -1, -1, -1, -1, -1, 0], [3, 1, 0, -1, 2, 2, 2, 2, 3, 1], [-1, -1, -1, -1, -1, -1, -1, -1, -1, 0], [-1, 2, 2, 2, 3, 3, -1, -1, -1, 0], [-1, -1, -1, -1, -1, 3, -1, 2, -1, 0], [3, 2, -1, 3, 3, 3, -1, -1, -1, 0], [-1, 2, 3, 3, 1, 3, 0, 3, 0, 0], [-1, 2, -1, 3, 1, 3, 0, 0, 3, 0], [3, -1, -1, 0, 3, 0, 0, 1, 0, 3]]"
35,J7,miss,"5,9",miss,"[[2, 1, 2, 1, 3, 2, 1, 1, -1, 2], [0, 0, 0, 0, 0, 3, 0, 0, -1, -1], [1, 1, 1, 0, 1, 1, 3, 1, 1, 3], [3, 0, -1, -1, -1, 3, 3, 3, 3, 0], [1, 1, -1, 2, -1, 1, -1, 2, -1, 0], [0, 0, -1, -1, -1, 3, -1, 3, -1, 3], [0, 0, 3, 0, 3, 0, 3, 0, 3, 0], [0, 0, 0, 3, 0, 0, 3, 0, 3, 3], [3, 0, 0, 3, 0, 3, 0, 3, 0, 3], [0, 0, 0, 3, 0, 0, 3, 0, 3, 3]]","[[3, 0, 3, 1, 3, 0, 3, 0, 1, 1], [0, 1, 0, -1, -1, -1, -1, -1, -1, 0], [3, 1, 0, -1, 2, 2, 2, 2, 3, 1], [-1, -1, -1, -1, -1, -1, -1, -1, -1, 0], [-1, 2, 2, 2, 3, 3, -1, -1, -1, 0], [-1, -1, -1, -1, -1, 3, -1, 2, -1, 0], [3, 2, -1, 3, 3, 3, -1, -1, -1, 0], [-1, 2, 3, 3, 1, 3, 0, 3, 0, 0], [-1, 2, -1, 3, 1, 3, 0, 0, 3, 0], [3, -1, -1, 0, 3, 0, 3, 1, 0, 3]]"
36,J9,miss,"5,1",miss,"[[2, 1, 2, 1, 3, 2, 1, 1, -1, 2], [0, 0, 0, 0, 0, 3, 0, 0, -1, -1], [1, 1, 1, 0, 1, 1, 3, 1, 1, 3], [3, 0, -1, -1, -1, 3, 3, 3, 3, 0], [1, 1, -1, 2, -1, 1, -1, 2, -1, 0], [0, 3, -1, -1, -1, 3, -1, 3, -1, 3], [0, 0, 3, 0, 3, 0, 3, 0, 3, 0], [0, 0, 0, 3, 0, 0, 3, 0, 3, 3], [3, 0, 0, 3, 0, 3, 0, 3, 0, 3], [0, 0, 0, 3, 0, 0, 3, 0, 3, 3]]","[[3, 0, 3, 1, 3, 0, 3, 0, 1, 1], [0, 1, 0, -1, -1, -1, -1, -1, -1, 0], [3, 1, 0, -1, 2, 2, 2, 2, 3, 1], [-1, -1, -1, -1, -1, -1, -1, -1, -1, 0], [-1, 2, 2, 2, 3, 3, -1, -1, -1, 0], [-1, -1, -1, -1, -1, 3, -1, 2, -1, 0], [3, 2, -1, 3, 3, 3, -1, -1, -1, 0], [-1, 2, 3, 3, 1, 3, 0, 3, 0, 0], [-1, 2, -1, 3, 1, 3, 0, 0, 3, 0], [3, -1, -1, 0, 3, 0, 3, 1, 3, 3]]"
37,A10,hit,"9,2",miss,"[[2, 1, 2, 1, 3, 2, 1, 1, -1, 2], [0, 0, 0, 0, 0, 3, 0, 0, -1, -1], [1, 1, 1, 0, 1, 1, 3, 1, 1, 3], [3, 0, -1, -1, -1, 3, 3, 3, 3, 0], [1, 1, -1, 2, -1, 1, -1, 2, -1, 0], [0, 3, -1, -1, -1, 3, -1, 3, -1, 3], [0, 0, 3, 0, 3, 0, 3, 0, 3, 0], [0, 0, 0, 3, 0, 0, 3, 0, 3, 3], [3, 0, 0, 3, 0, 3, 0, 3, 0, 3], [0, 0, 3, 3, 0, 0, 3, 0, 3, 3]]","[[3, 0, 3, 1, 3, 0, 3, 0, 1, 2], [0, 1, 0, -1, -1, -1, -1, -1, -1, 0], [3, 1, 0, -1, 2, 2, 2, 2, 3, 1], [-1, -1, -1, -1, -1, -1, -1, -1, -1, 0], [-1, 2, 2, 2, 3, 3, -1, -1, -1, 0], [-1, -1, -1, -1, -1, 3, -1, 2, -1, 0], [3, 2, -1, 3, 3, 3, -1, -1, -1, 0], [-1, 2, 3, 3, 1, 3, 0, 3, 0, 0], [-1, 2, -1, 3, 1, 3, 0, 0, 3, 0], [3, -1, -1, 0, 3, 0, 3, 1, 3, 3]]"
38,A9,hit,"3,1",miss,"[[2, 1, 2, 1, 3, 2, 1, 1, -1, 2], [0, 0, 0, 0, 0, 3, 0, 0, -1, -1], [1, 1, 1, 0, 1, 1, 3, 1, 1, 3], [3, 3, -1, -1, -1, 3, 3, 3, 3, 0], [1, 1, -1, 2, -1, 1, -1, 2, -1, 0], [0, 3, -1, -1, -1, 3, -1, 3, -1, 3], [0, 0, 3, 0, 3, 0, 3, 0, 3, 0], [0, 0, 0, 3, 0, 0, 3, 0, 3, 3], [3, 0, 0, 3, 0, 3, 0, 3, 0, 3], [0, 0, 3, 3, 0, 0, 3, 0, 3, 3]]","[[3, 0, 3, 1, 3, 0, 3, -1, 2, 2], [0, 1, 0, -1, -1, -1, -1, -1, -1, -1], [3, 1, 0, -1, 2, 2, 2, 2, 3, 1], [-1, -1, -1, -1, -1, -1, -1, -1, -1, 0], [-1, 2, 2, 2, 3, 3, -1, -1, -1, 0], [-1, -1, -1, -1, -1, 3, -1, 2, -1, 0], [3, 2, -1, 3, 3, 3, -1, -1, -1, 0], [-1, 2, 3, 3, 1, 3, 0, 3, 0, 0], [-1, 2, -1, 3, 1, 3, 0, 0, 3, 0], [3, -1, -1, 0, 3, 0, 3, 1, 3, 3]]"
39,C10,hit,"6,7",miss,"[[2, 1, 2, 1, 3, 2, 1, 1, -1, 2], [0, 0, 0, 0, 0, 3, 0, 0, -1, -1], [1, 1, 1, 0, 1, 1, 3, 1, 1, 3], [3, 3, -1, -1, -1, 3, 3, 3, 3, 0], [1, 1, -1, 2, -1, 1, -1, 2, -1, 0], [0, 3, -1, -1, -1, 3, -1, 3, -1, 3], [0, 0, 3, 0, 3, 0, 3, 3, 3, 0], [0, 0, 0, 3, 0, 0, 3, 0, 3, 3], [3, 0, 0, 3, 0, 3, 0, 3, 0, 3], [0, 0, 3, 3, 0, 0, 3, 0, 3, 3]]","[[3, 0, 3, 1, 3, 0, 3, -1, 2, 2], [0, 1, 0, -1, -1, -1, -1, -1, -1, -1], [3, 1, 0, -1, 2, 2, 2, 2, 3, 2], [-1, -1, -1, -1, -1, -1, -1, -1, -1, -1], [-1, 2, 2, 2, 3, 3, -1, -1, -1, 0], [-1, -1, -1, -1, -1, 3, -1, 2, -1, 0], [3, 2, -1, 3, 3, 3, -1, -1, -1, 0], [-1, 2, 3, 3, 1, 3, 0, 3, 0, 0], [-1, 2, -1, 3, 1, 3, 0, 0, 3, 0], [3, -1, -1, 0, 3, 0, 3, 1, 3, 3]]"
40,E10,miss,"2,0",hit,"[[2, 1, 2, 1, 3, 2, 1, 1, -1, 2], [0, 0, 0, 0, 0, 3, 0, 0, -1, -1], [2, 1, 1, 0, 1, 1, 3, 1, 1, 3], [3, 3, -1, -1, -1, 3, 3, 3, 3, 0], [1, 1, -1, 2, -1, 1, -1, 2, -1, 0], [0, 3, -1, -1, -1, 3, -1, 3, -1, 3], [0, 0, 3, 0, 3, 0, 3, 3, 3, 0], [0, 0, 0, 3, 0, 0, 3, 0, 3, 3], [3, 0, 0, 3, 0, 3, 0, 3, 0, 3], [0, 0, 3, 3, 0, 0, 3, 0, 3, 3]]","[[3, 0, 3, 1, 3, 0, 3, -1, 2, 2], [0, 1, 0, -1, -1, -1, -1, -1, -1, -1], [3, 1, 0, -1, 2, 2, 2, 2, 3, 2], [-1, -1, -1, -1, -1, -1, -1, -1, -1, -1], [-1, 2, 2, 2, 3, 3, -1, -1, -1, 3], [-1, -1, -1, -1, -1, 3, -1, 2, -1, 0], [3, 2, -1, 3, 3, 3, -1, -1, -1, 0], [-1, 2, 3, 3, 1, 3, 0, 3, 0, 0], [-1, 2, -1, 3, 1, 3, 0, 0, 3, 0], [3, -1, -1, 0, 3, 0, 3, 1, 3, 3]]"
41,F10,miss,"6,9",miss,"[[2, 1, 2, 1, 3, 2, 1, 1, -1, 2], [0, 0, 0, 0, 0, 3, 0, 0, -1, -1], [2, 1, 1, 0, 1, 1, 3, 1, 1, 3], [3, 3, -1, -1, -1, 3, 3, 3, 3, 0], [1, 1, -1, 2, -1, 1, -1, 2, -1, 0], [0, 3, -1, -1, -1, 3, -1, 3, -1, 3], [0, 0, 3, 0, 3, 0, 3, 3, 3, 3], [0, 0, 0, 3, 0, 0, 3, 0, 3, 3], [3, 0, 0, 3, 0, 3, 0, 3, 0, 3], [0, 0, 3, 3, 0, 0, 3, 0, 3, 3]]","[[3, 0, 3, 1, 3, 0, 3, -1, 2, 2], [0, 1, 0, -1, -1, -1, -1, -1, -1, -1], [3, 1, 0, -1, 2, 2, 2, 2, 3, 2], [-1, -1, -1, -1, -1, -1, -1, -1, -1, -1], [-1, 2, 2, 2, 3, 3, -1, -1, -1, 3], [-1, -1, -1, -1, -1, 3, -1, 2, -1, 3], [3, 2, -1, 3, 3, 3, -1, -1, -1, 0], [-1, 2, 3, 3, 1, 3, 0, 3, 0, 0], [-1, 2, -1, 3, 1, 3, 0, 0, 3, 0], [3, -1, -1, 0, 3, 0, 3, 1, 3, 3]]"
42,B2,hit,"4,0",hit,"[[2, 1, 2, 1, 3, 2, 1, 1, -1, 2], [0, 0, 0, 0, 0, 3, 0, 0, -1, -1], [2, 1, 1, 0, 1, 1, 3, 1, 1, 3], [3, 3, -1, -1, -1, 3, 3, 3, 3, 0], [2, 1, -1, 2, -1, 1, -1, 2, -1, 0], [0, 3, -1, -1, -1, 3, -1, 3, -1, 3], [0, 0, 3, 0, 3, 0, 3, 3, 3, 3], [0, 0, 0, 3, 0, 0, 3, 0, 3, 3], [3, 0, 0, 3, 0, 3, 0, 3, 0, 3], [0, 0, 3, 3, 0, 0, 3, 0, 3, 3]]","[[3, 0, 3, 1, 3, 0, 3, -1, 2, 2], [0, 2, 0, -1, -1, -1, -1, -1, -1, -1], [3, 1, 0, -1, 2, 2, 2, 2, 3, 2], [-1, -1, -1, -1, -1, -1, -1, -1, -1, -1], [-1, 2, 2, 2, 3, 3, -1, -1, -1, 3], [-1, -1, -1, -1, -1, 3, -1, 2, -1, 3], [3, 2, -1, 3, 3, 3, -1, -1, -1, 0], [-1, 2, 3, 3, 1, 3, 0, 3, 0, 0], [-1, 2, -1, 3, 1, 3, 0, 0, 3, 0], [3, -1, -1, 0, 3, 0, 3, 1, 3, 3]]"
43,B3,miss,"1,4",miss,"[[2, 1, 2, 1, 3, 2, 1, 1, -1, 2], [0, 0, 0, 0, 3, 3, 0, 0, -1, -1], [2, 1, 1, 0, 1, 1, 3, 1, 1, 3], [3, 3, -1, -1, -1, 3, 3, 3, 3, 0], [2, 1, -1, 2, -1, 1, -1, 2, -1, 0], [0, 3, -1, -1, -1, 3, -1, 3, -1, 3], [0, 0, 3, 0, 3, 0, 3, 3, 3, 3], [0, 0, 0, 3, 0, 0, 3, 0, 3, 3], [3, 0, 0, 3, 0, 3, 0, 3, 0, 3], [0, 0, 3, 3, 0, 0, 3, 0, 3, 3]]","[[3, 0, 3, 1, 3, 0, 3, -1, 2, 2], [0, 2, 3, -1, -1, -1, -1, -1, -1, -1], [3, 1, 0, -1, 2, 2, 2, 2, 3, 2], [-1, -1, -1, -1, -1, -1, -1, -1, -1, -1], [-1, 2, 2, 2, 3, 3, -1, -1, -1, 3], [-1, -1, -1, -1, -1, 3, -1, 2, -1, 3], [3, 2, -1, 3, 3, 3, -1, -1, -1, 0], [-1, 2, 3, 3, 1, 3, 0, 3, 0, 0], [-1, 2, -1, 3, 1, 3, 0, 0, 3, 0], [3, -1, -1, 0, 3, 0, 3, 1, 3, 3]]"
44,B1,miss,"2,3",miss,"[[2, 1, 2, 1, 3, 2, 1, 1, -1, 2], [0, 0, 0, 0, 3, 3, 0, 0, -1, -1], [2, 1, 1, 3, 1, 1, 3, 1, 1, 3], [3, 3, -1, -1, -1, 3, 3, 3, 3, 0], [2, 1, -1, 2, -1, 1, -1, 2, -1, 0], [0, 3, -1, -1, -1, 3, -1, 3, -1, 3], [0, 0, 3, 0, 3, 0, 3, 3, 3, 3], [0, 0, 0, 3, 0, 0, 3, 0, 3, 3], [3, 0, 0, 3, 0, 3, 0, 3, 0, 3], [0, 0, 3, 3, 0, 0, 3, 0, 3, 3]]","[[3, 0, 3, 1, 3, 0, 3, -1, 2, 2], [3, 2, 3, -1, -1, -1, -1, -1, -1, -1], [3, 1, 0, -1, 2, 2, 2, 2, 3, 2], [-1, -1, -1, -1, -1, -1, -1, -1, -1, -1], [-1, 2, 2, 2, 3, 3, -1, -1, -1, 3], [-1, -1, -1, -1, -1, 3, -1, 2, -1, 3], [3, 2, -1, 3, 3, 3, -1, -1, -1, 0], [-1, 2, 3, 3, 1, 3, 0, 3, 0, 0], [-1, 2, -1, 3, 1, 3, 0, 0, 3, 0], [3, -1, -1, 0, 3, 0, 3, 1, 3, 3]]"
45,C2,hit,"3,9",miss,"[[2, 1, 2, 1, 3, 2, 1, 1, -1, 2], [0, 0, 0, 0, 3, 3, 0, 0, -1, -1], [2, 1, 1, 3, 1, 1, 3, 1, 1, 3], [3, 3, -1, -1, -1, 3, 3, 3, 3, 3], [2, 1, -1, 2, -1, 1, -1, 2, -1, 0], [0, 3, -1, -1, -1, 3, -1, 3, -1, 3], [0, 0, 3, 0, 3, 0, 3, 3, 3, 3], [0, 0, 0, 3, 0, 0, 3, 0, 3, 3], [3, 0, 0, 3, 0, 3, 0, 3, 0, 3], [0, 0, 3, 3, 0, 0, 3, 0, 3, 3]]","[[3, -1, 3, 1, 3, 0, 3, -1, 2, 2], [3, 2, 3, -1, -1, -1, -1, -1, -1, -1], [3, 2, -1, -1, 2, 2, 2, 2, 3, 2], [-1, -1, -1, -1, -1, -1, -1, -1, -1, -1], [-1, 2, 2, 2, 3, 3, -1, -1, -1, 3], [-1, -1, -1, -1, -1, 3, -1, 2, -1, 3], [3, 2, -1, 3, 3, 3, -1, -1, -1, 0], [-1, 2, 3, 3, 1, 3, 0, 3, 0, 0], [-1, 2, -1, 3, 1, 3, 0, 0, 3, 0], [3, -1, -1, 0, 3, 0, 3, 1, 3, 3]]"
46,A4,hit,"9,1",miss,"[[2, 1, 2, 1, 3, 2, 1, 1, -1, 2], [0, 0, 0, 0, 3, 3, 0, 0, -1, -1], [2, 1, 1, 3, 1, 1, 3, 1, 1, 3], [3, 3, -1, -1, -1, 3, 3, 3, 3, 3], [2, 1, -1, 2, -1, 1, -1, 2, -1, 0], [0, 3, -1, -1, -1, 3, -1, 3, -1, 3], [0, 0, 3, 0, 3, 0, 3, 3, 3, 3], [0, 0, 0, 3, 0, 0, 3, 0, 3, 3], [3, 0, 0, 3, 0, 3, 0, 3, 0, 3], [0, 3, 3, 3, 0, 0, 3, 0, 3, 3]]","[[3, -1, 3, 2, 3, 0, 3, -1, 2, 2], [3, 2, 3, -1, -1, -1, -1, -1, -1, -1], [3, 2, -1, -1, 2, 2, 2, 2, 3, 2], [-1, -1, -1, -1, -1, -1, -1, -1, -1, -1], [-1, 2, 2, 2, 3, 3, -1, -1, -1, 3], [-1, -1, -1, -1, -1, 3, -1, 2, -1, 3], [3, 2, -1, 3, 3, 3, -1, -1, -1, 0], [-1, 2, 3, 3, 1, 3, 0, 3, 0, 0], [-1, 2, -1, 3, 1, 3, 0, 0, 3, 0], [3, -1, -1, 0, 3, 0, 3, 1, 3, 3]]"
47,H10,miss,"1,0",miss,"[[2, 1, 2, 1, 3, 2, 1, 1, -1, 2], [3, 0, 0, 0, 3, 3, 0, 0, -1, -1], [2, 1, 1, 3, 1, 1, 3, 1, 1, 3], [3, 3, -1, -1, -1, 3, 3, 3, 3, 3], [2, 1, -1, 2, -1, 1, -1, 2, -1, 0], [0, 3, -1, -1, -1, 3, -1, 3, -1, 3], [0, 0, 3, 0, 3, 0, 3, 3, 3, 3], [0, 0, 0, 3, 0, 0, 3, 0, 3, 3], [3, 0, 0, 3, 0, 3, 0, 3, 0, 3], [0, 3, 3, 3, 0, 0, 3, 0, 3, 3]]","[[3, -1, 3, 2, 3, 0, 3, -1, 2, 2], [3, 2, 3, -1, -1, -1, -1, -1, -1, -1], [3, 2, -1, -1, 2, 2, 2, 2, 3, 2], [-1, -1, -1, -1, -1, -1, -1, -1, -1, -1], [-1, 2, 2, 2, 3, 3, -1, -1, -1, 3], [-1, -1, -1, -1, -1, 3, -1, 2, -1, 3], [3, 2, -1, 3, 3, 3, -1, -1, -1, 0], [-1, 2, 3, 3, 1, 3, 0, 3, 0, 3], [-1, 2, -1, 3, 1, 3, 0, 0, 3, 0], [3, -1, -1, 0, 3, 0, 3, 1, 3, 3]]"
48,I5,hit,"8,6",miss,"[[2, 1, 2, 1, 3, 2, 1, 1, -1, 2], [3, 0, 0, 0, 3, 3, 0, 0, -1, -1], [2, 1, 1, 3, 1, 1, 3, 1, 1, 3], [3, 3, -1, -1, -1, 3, 3, 3, 3, 3], [2, 1, -1, 2, -1, 1, -1, 2, -1, 0], [0, 3, -1, -1, -1, 3, -1, 3, -1, 3], [0, 0, 3, 0, 3, 0, 3, 3, 3, 3], [0, 0, 0, 3, 0, 0, 3, 0, 3, 3], [3, 0, 0, 3, 0, 3, 3, 3, 0, 3], [0, 3, 3, 3, 0, 0, 3, 0, 3, 3]]","[[3, -1, 3, 2, 3, 0, 3, -1, 2, 2], [3, 2, 3, -1, -1, -1, -1, -1, -1, -1], [3, 2, -1, -1, 2, 2, 2, 2, 3, 2], [-1, -1, -1, -1, -1, -1, -1, -1, -1, -1], [-1, 2, 2, 2, 3, 3, -1, -1, -1, 3], [-1, -1, -1, -1, -1, 3, -1, 2, -1, 3], [3, 2, -1, 3, 3, 3, -1, -1, -1, 0], [-1, 2, 3, 3, 1, 3, 0, 3, 0, 3], [-1, 2, -1, 3, 2, 3, 0, 0, 3, 0], [3, -1, -1, 0, 3, 0, 3, 1, 3, 3]]"
49,H5,hit,"8,2",miss,"[[2, 1, 2, 1, 3, 2, 1, 1, -1, 2], [3, 0, 0, 0, 3, 3, 0, 0, -1, -1], [2, 1, 1, 3, 1, 1, 3, 1, 1, 3], [3, 3, -1, -1, -1, 3, 3, 3, 3, 3], [2, 1, -1, 2, -1, 1, -1, 2, -1, 0], [0, 3, -1, -1, -1, 3, -1, 3, -1, 3], [0, 0, 3, 0, 3, 0, 3, 3, 3, 3], [0, 0, 0, 3, 0, 0, 3, 0, 3, 3], [3, 0, 3, 3, 0, 3, 3, 3, 0, 3], [0, 3, 3, 3, 0, 0, 3, 0, 3, 3]]","[[3, -1, 3, 2, 3, 0, 3, -1, 2, 2], [3, 2, 3, -1, -1, -1, -1, -1, -1, -1], [3, 2, -1, -1, 2, 2, 2, 2, 3, 2], [-1, -1, -1, -1, -1, -1, -1, -1, -1, -1], [-1, 2, 2, 2, 3, 3, -1, -1, -1, 3], [-1, -1, -1, -1, -1, 3, -1, 2, -1, 3], [3, 2, -1, 3, 3, 3, -1, -1, -1, 0], [-1, 2, 3, 3, 2, 3, 0, 3, 0, 3], [-1, 2, -1, 3, 2, 3, 0, 0, 3, 0], [3, -1, -1, -1, 3, -1, 3, 1, 3, 3]]"
50,I7,miss,"1,3",miss,"[[2, 1, 2, 1, 3, 2, 1, 1, -1, 2], [3, 0, 0, 3, 3, 3, 0, 0, -1, -1], [2, 1, 1, 3, 1, 1, 3, 1, 1, 3], [3, 3, -1, -1, -1, 3, 3, 3, 3, 3], [2, 1, -1, 2, -1, 1, -1, 2, -1, 0], [0, 3, -1, -1, -1, 3, -1, 3, -1, 3], [0, 0, 3, 0, 3, 0, 3, 3, 3, 3], [0, 0, 0, 3, 0, 0, 3, 0, 3, 3], [3, 0, 3, 3, 0, 3, 3, 3, 0, 3], [0, 3, 3, 3, 0, 0, 3, 0, 3, 3]]","[[3, -1, 3, 2, 3, 0, 3, -1, 2, 2], [3, 2, 3, -1, -1, -1, -1, -1, -1, -1], [3, 2, -1, -1, 2, 2, 2, 2, 3, 2], [-1, -1, -1, -1, -1, -1, -1, -1, -1, -1], [-1, 2, 2, 2, 3, 3, -1, -1, -1, 3], [-1, -1, -1, -1, -1, 3, -1, 2, -1, 3], [3, 2, -1, 3, 3, 3, -1, -1, -1, 0], [-1, 2, 3, 3, 2, 3, 0, 3, 0, 3], [-1, 2, -1, 3, 2, 3, 3, 0, 3, 0], [3, -1, -1, -1, 3, -1, 3, 1, 3, 3]]"
51,I8,miss,"2,5",hit,"[[2, 1, 2, 1, 3, 2, 1, 1, -1, 2], [3, 0, 0, 3, 3, 3, 0, 0, -1, -1], [2, 1, 1, 3, 1, 2, 3, 1, 1, 3], [3, 3, -1, -1, -1, 3, 3, 3, 3, 3], [2, 1, -1, 2, -1, 1, -1, 2, -1, 0], [0, 3, -1, -1, -1, 3, -1, 3, -1, 3], [0, 0, 3, 0, 3, 0, 3, 3, 3, 3], [0, 0, 0, 3, 0, 0, 3, 0, 3, 3], [3, 0, 3, 3, 0, 3, 3, 3, 0, 3], [0, 3, 3, 3, 0, 0, 3, 0, 3, 3]]","[[3, -1, 3, 2, 3, 0, 3, -1, 2, 2], [3, 2, 3, -1, -1, -1, -1, -1, -1, -1], [3, 2, -1, -1, 2, 2, 2, 2, 3, 2], [-1, -1, -1, -1, -1, -1, -1, -1, -1, -1], [-1, 2, 2, 2, 3, 3, -1, -1, -1, 3], [-1, -1, -1, -1, -1, 3, -1, 2, -1, 3], [3, 2, -1, 3, 3, 3, -1, -1, -1, 0], [-1, 2, 3, 3, 2, 3, 0, 3, 0, 3], [-1, 2, -1, 3, 2, 3, 3, 3, 3, 0], [3, -1, -1, -1, 3, -1, 3, 1, 3, 3]]"
52,G10,miss,"1,2",miss,"[[2, 1, 2, 1, 3, 2, 1, 1, -1, 2], [3, 0, 3, 3, 3, 3, 0, 0, -1, -1], [2, 1, 1, 3, 1, 2, 3, 1, 1, 3], [3, 3, -1, -1, -1, 3, 3, 3, 3, 3], [2, 1, -1, 2, -1, 1, -1, 2, -1, 0], [0, 3, -1, -1, -1, 3, -1, 3, -1, 3], [0, 0, 3, 0, 3, 0, 3, 3, 3, 3], [0, 0, 0, 3, 0, 0, 3, 0, 3, 3], [3, 0, 3, 3, 0, 3, 3, 3, 0, 3], [0, 3, 3, 3, 0, 0, 3, 0, 3, 3]]","[[3, -1, 3, 2, 3, 0, 3, -1, 2, 2], [3, 2, 3, -1, -1, -1, -1, -1, -1, -1], [3, 2, -1, -1, 2, 2, 2, 2, 3, 2], [-1, -1, -1, -1, -1, -1, -1, -1, -1, -1], [-1, 2, 2, 2, 3, 3, -1, -1, -1, 3], [-1, -1, -1, -1, -1, 3, -1, 2, -1, 3], [3, 2, -1, 3, 3, 3, -1, -1, -1, 3], [-1, 2, 3, 3, 2, 3, 0, 3, 0, 3], [-1, 2, -1, 3, 2, 3, 3, 3, 3, 0], [3, -1, -1, -1, 3, -1, 3, 1, 3, 3]]"
53,H7,miss,"6,5",miss,"[[2, 1, 2, 1, 3, 2, 1, 1, -1, 2], [3, 0, 3, 3, 3, 3, 0, 0, -1, -1], [2, 1, 1, 3, 1, 2, 3, 1, 1, 3], [3, 3, -1, -1, -1, 3, 3, 3, 3, 3], [2, 1, -1, 2, -1, 1, -1, 2, -1, 0], [0, 3, -1, -1, -1, 3, -1, 3, -1, 3], [0, 0, 3, 0, 3, 3, 3, 3, 3, 3], [0, 0, 0, 3, 0, 0, 3, 0, 3, 3], [3, 0, 3, 3, 0, 3, 3, 3, 0, 3], [0, 3, 3, 3, 0, 0, 3, 0, 3, 3]]","[[3, -1, 3, 2, 3, 0, 3, -1, 2, 2], [3, 2, 3, -1, -1, -1, -1, -1, -1, -1], [3, 2, -1, -1, 2, 2, 2, 2, 3, 2], [-1, -1, -1, -1, -1, -1, -1, -1, -1, -1], [-1, 2, 2, 2, 3, 3, -1, -1, -1, 3], [-1, -1, -1, -1, -1, 3, -1, 2, -1, 3], [3, 2, -1, 3, 3, 3, -1, -1, -1, 3], [-1, 2, 3, 3, 2, 3, 3, 3, 0, 3], [-1, 2, -1, 3, 2, 3, 3, 3, 3, 0], [3, -1, -1, -1, 3, -1, 3, 1, 3, 3]]"
54,H9,miss,"6,1",miss,"[[2, 1, 2, 1, 3, 2, 1, 1, -1, 2], [3, 0, 3, 3, 3, 3, 0, 0, -1, -1], [2, 1, 1, 3, 1, 2, 3, 1, 1, 3], [3, 3, -1, -1, -1, 3, 3, 3, 3, 3], [2, 1, -1, 2, -1, 1, -1, 2, -1, 0], [0, 3, -1, -1, -1, 3, -1, 3, -1, 3], [0, 3, 3, 0, 3, 3, 3, 3, 3, 3], [0, 0, 0, 3, 0, 0, 3, 0, 3, 3], [3, 0, 3, 3, 0, 3, 3, 3, 0, 3], [0, 3, 3, 3, 0, 0, 3, 0, 3, 3]]","[[3, -1, 3, 2, 3, 0, 3, -1, 2, 2], [3, 2, 3, -1, -1, -1, -1, -1, -1, -1], [3, 2, -1, -1, 2, 2, 2, 2, 3, 2], [-1, -1, -1, -1, -1, -1, -1, -1, -1, -1], [-1, 2, 2, 2, 3, 3, -1, -1, -1, 3], [-1, -1, -1, -1, -1, 3, -1, 2, -1, 3], [3, 2, -1, 3, 3, 3, -1, -1, -1, 3], [-1, 2, 3, 3, 2, 3, 3, 3, 3, 3], [-1, 2, -1, 3, 2, 3, 3, 3, 3, 0], [3, -1, -1, -1, 3, -1, 3, 1, 3, 3]]"
55,I10,miss,"0,7",hit,"[[2, 1, 2, 1, 3, 2, 1, 2, -1, 2], [3, 0, 3, 3, 3, 3, 0, 0, -1, -1], [2, 1, 1, 3, 1, 2, 3, 1, 1, 3], [3, 3, -1, -1, -1, 3, 3, 3, 3, 3], [2, 1, -1, 2, -1, 1, -1, 2, -1, 0], [0, 3, -1, -1, -1, 3, -1, 3, -1, 3], [0, 3, 3, 0, 3, 3, 3, 3, 3, 3], [0, 0, 0, 3, 0, 0, 3, 0, 3, 3], [3, 0, 3, 3, 0, 3, 3, 3, 0, 3], [0, 3, 3, 3, 0, 0, 3, 0, 3, 3]]","[[3, -1, 3, 2, 3, 0, 3, -1, 2, 2], [3, 2, 3, -1, -1, -1, -1, -1, -1, -1], [3, 2, -1, -1, 2, 2, 2, 2, 3, 2], [-1, -1, -1, -1, -1, -1, -1, -1, -1, -1], [-1, 2, 2, 2, 3, 3, -1, -1, -1, 3], [-1, -1, -1, -1, -1, 3, -1, 2, -1, 3], [3, 2, -1, 3, 3, 3, -1, -1, -1, 3], [-1, 2, 3, 3, 2, 3, 3, 3, 3, 3], [-1, 2, -1, 3, 2, 3, 3, 3, 3, 3], [3, -1, -1, -1, 3, -1, 3, 1, 3, 3]]"
56,J8,hit,"2,4",hit,"[[2, 1, 2, 1, 3, 2, 1, 2, -1, 2], [3, 0, 3, 3, 3, 3, -1, 0, -1, -1], [2, 1, 1, 3, 2, 2, 3, 1, 1, 3], [3, 3, -1, -1, -1, 3, 3, 3, 3, 3], [2, 1, -1, 2, -1, 1, -1, 2, -1, 0], [0, 3, -1, -1, -1, 3, -1, 3, -1, 3], [0, 3, 3, 0, 3, 3, 3, 3, 3, 3], [0, 0, 0, 3, 0, 0, 3, 0, 3, 3], [3, 0, 3, 3, 0, 3, 3, 3, 0, 3], [0, 3, 3, 3, 0, 0, 3, 0, 3, 3]]","[[3, -1, 3, 2, 3, 0, 3, -1, 2, 2], [3, 2, 3, -1, -1, -1, -1, -1, -1, -1], [3, 2, -1, -1, 2, 2, 2, 2, 3, 2], [-1, -1, -1, -1, -1, -1, -1, -1, -1, -1], [-1, 2, 2, 2, 3, 3, -1, -1, -1, 3], [-1, -1, -1, -1, -1, 3, -1, 2, -1, 3], [3, 2, -1, 3, 3, 3, -1, -1, -1, 3], [-1, 2, 3, 3, 2, 3, 3, 3, 3, 3], [-1, 2, -1, 3, 2, 3, 3, 3, 3, 3], [3, -1, -1, -1, 3, -1, 3, 2, 3, 3]]"
